segment_id,source_node,target_node,road_class,lanes,free_flow_speed_kmh,capacity_vph,length_km,grade_pct,signal_id,structural_bottleneck,importance,peak_capacity_factor
R0001,N001,N002,collector,3,60.0,2700.0,1.69,3.45,SIG069,0,0.7305336154401664,1.0
R0002,N002,N001,collector,3,30.0,2700.0,1.78,3.69,SIG088,0,0.8619939550461722,1.0
R0003,N001,N013,collector,2,30.0,1800.0,0.893,-2.95,SIG061,0,0.8582665066556621,1.0
R0004,N013,N001,collector,3,60.0,2700.0,1.311,-2.86,SIG088,0,0.6130158643805834,1.0
R0005,N002,N003,collector,3,40.0,2700.0,0.794,-2.1,SIG065,0,0.6536189296020534,1.0
R0006,N003,N002,collector,3,40.0,2700.0,0.825,3.32,SIG069,0,0.7006395142957513,1.0
R0007,N002,N014,collector,2,50.0,1800.0,0.795,3.99,,0,0.8537533427506035,1.0
R0008,N014,N002,collector,2,50.0,1800.0,1.592,-2.2,SIG069,0,0.7043864528609101,1.0
R0009,N003,N004,arterial,1,50.0,1035.0,1.12,2.79,,0,1.0604338859921203,1.0
R0010,N004,N003,arterial,2,30.0,2070.0,1.179,-0.38,SIG065,0,1.0040839664778936,1.0
R0011,N003,N015,arterial,2,50.0,2070.0,1.17,-3.4,SIG001,0,1.2379449586344993,1.0
R0012,N015,N003,arterial,2,40.0,2070.0,0.825,2.42,SIG065,0,1.3032686541034266,1.0
R0013,N004,N005,collector,3,30.0,2700.0,1.052,-0.13,SIG062,0,0.8597574733637837,1.0
R0014,N005,N004,collector,2,40.0,1800.0,0.882,2.56,,0,0.7874337140951665,1.0
R0015,N004,N016,collector,2,60.0,1800.0,0.995,-1.77,SIG006,0,0.8412174458379911,1.0
R0016,N016,N004,collector,2,60.0,1800.0,1.688,-3.67,,0,0.7987052082373174,1.0
R0017,N005,N006,collector,2,60.0,1800.0,0.942,0.34,SIG072,0,0.5978242125779955,1.0
R0018,N006,N005,collector,1,50.0,900.0,1.157,1.06,SIG062,0,0.5984338793362096,1.0
R0019,N005,N017,collector,2,40.0,1800.0,1.172,-2.35,,0,0.7260987197721256,1.0
R0020,N017,N005,collector,2,60.0,1800.0,1.644,0.93,SIG062,0,0.618171439656672,1.0
R0021,N006,N007,arterial,2,40.0,2070.0,1.625,0.32,,0,0.9726815671296083,1.0
R0022,N007,N006,arterial,2,50.0,2070.0,1.375,0.2,SIG072,0,1.212835938130453,1.0
R0023,N006,N018,arterial,3,40.0,3105.0,1.726,-0.47,SIG004,0,1.2441170810713975,1.0
R0024,N018,N006,arterial,2,30.0,2070.0,1.142,-3.0,SIG072,0,1.0570759166773869,1.0
R0025,N007,N008,collector,2,60.0,1800.0,1.007,-0.86,SIG071,0,0.5686080071650352,1.0
R0026,N008,N007,collector,2,60.0,1800.0,1.297,-2.72,,0,0.7953407523857293,1.0
R0027,N007,N019,collector,3,50.0,2700.0,0.89,0.56,SIG005,0,0.7545468325671283,1.0
R0028,N019,N007,collector,2,50.0,1800.0,1.53,-2.26,,0,0.6083821627730317,1.0
R0029,N008,N009,collector,2,40.0,1800.0,1.371,3.96,,0,0.7958421231837285,1.0
R0030,N009,N008,collector,2,30.0,1800.0,1.099,3.48,SIG071,0,0.7419895747194283,1.0
R0031,N008,N020,collector,2,60.0,1800.0,1.486,-1.85,,0,0.7995034503140447,1.0
R0032,N020,N008,collector,3,40.0,2700.0,1.595,2.01,SIG071,0,0.6931030341261197,1.0
R0033,N009,N010,arterial,2,60.0,2070.0,1.287,-3.2,SIG064,0,1.09625306245233,1.0
R0034,N010,N009,arterial,2,30.0,2070.0,1.055,3.32,,0,1.0551922695023663,1.0
R0035,N009,N021,arterial,3,60.0,3105.0,1.183,1.22,SIG007,0,0.995122010693682,1.0
R0036,N021,N009,arterial,3,50.0,3105.0,1.172,2.41,,0,1.0063189536135229,1.0
R0037,N010,N011,collector,1,40.0,900.0,0.781,1.31,,0,0.7351197254146169,1.0
R0038,N011,N010,collector,2,50.0,1800.0,1.624,-3.96,SIG064,0,0.8447561705936653,1.0
R0039,N010,N022,collector,2,30.0,1800.0,1.12,3.02,SIG003,0,0.5667663704057249,1.0
R0040,N022,N010,collector,3,50.0,2700.0,1.206,3.1,SIG064,0,0.6203590566997332,1.0
R0041,N011,N012,collector,1,40.0,900.0,0.877,1.41,,0,0.6622259406407673,1.0
R0042,N012,N011,collector,2,60.0,1800.0,1.19,3.73,,0,0.7559906472715566,1.0
R0043,N011,N023,collector,2,60.0,1800.0,1.586,1.58,SIG002,0,0.6516400507514856,1.0
R0044,N023,N011,collector,2,50.0,1800.0,0.993,3.33,,0,0.7436083514467902,1.0
R0045,N012,N024,collector,2,40.0,1800.0,1.126,-1.81,SIG063,0,0.7731696081717877,1.0
R0046,N024,N012,collector,2,60.0,1800.0,1.779,-2.69,,0,0.8622590310684122,1.0
R0047,N013,N014,collector,2,50.0,1800.0,1.702,-0.07,,0,0.8402055655965007,1.0
R0048,N014,N013,collector,2,50.0,1800.0,0.891,2.28,SIG061,0,0.7056104972770318,1.0
R0049,N013,N025,collector,3,40.0,2700.0,1.651,2.18,SIG068,0,0.6078586195010012,1.0
R0050,N025,N013,collector,3,40.0,2700.0,1.658,1.97,SIG061,0,0.8553808750249378,1.0
R0051,N014,N015,collector,3,40.0,2700.0,1.177,-0.45,SIG001,0,0.6826317787950602,1.0
R0052,N015,N014,collector,2,50.0,1800.0,1.552,2.23,,0,0.817837672214252,1.0
R0053,N014,N026,collector,2,60.0,1800.0,1.698,-0.32,SIG018,0,0.7810147016888385,1.0
R0054,N026,N014,collector,3,30.0,2700.0,1.273,-1.51,,0,0.7431671395951088,1.0
R0055,N015,N016,arterial,2,50.0,2070.0,1.387,-2.76,SIG006,0,0.9913321670744166,1.0
R0056,N016,N015,arterial,2,40.0,2070.0,1.149,3.13,SIG001,0,1.0279194839549364,1.0
R0057,N015,N027,arterial,3,30.0,3105.0,1.022,-3.08,SIG017,0,1.038602722858222,1.0
R0058,N027,N015,arterial,1,50.0,1035.0,1.532,2.73,SIG001,0,1.4035596233359153,1.0
R0059,N016,N017,collector,1,30.0,900.0,1.008,-3.81,,0,0.657535258419273,1.0
R0060,N017,N016,collector,1,60.0,900.0,1.122,-2.48,SIG006,0,0.6970418640808305,1.0
R0061,N016,N028,collector,2,30.0,1800.0,1.757,0.7,SIG016,0,0.6975298501923313,1.0
R0062,N028,N016,collector,3,50.0,2700.0,1.603,-1.33,SIG006,0,0.8411356847591269,1.0
R0063,N017,N018,collector,2,60.0,1800.0,1.583,-0.09,SIG004,0,0.7642818162094516,1.0
R0064,N018,N017,collector,2,60.0,1800.0,1.242,2.28,,0,0.73291467875579,1.0
R0065,N017,N029,collector,2,60.0,1800.0,0.968,-1.07,SIG015,0,0.6842976298962707,1.0
R0066,N029,N017,collector,2,60.0,1800.0,1.552,-2.77,,0,0.8085158524156251,1.0
R0067,N018,N019,arterial,3,30.0,3105.0,1.432,-2.88,SIG005,0,1.0070680001325925,1.0
R0068,N019,N018,arterial,2,30.0,2070.0,1.571,-3.66,SIG004,0,1.3368096966211014,1.0
R0069,N018,N030,arterial,2,50.0,2070.0,1.341,1.19,,0,1.290846060624842,1.0
R0070,N030,N018,arterial,2,50.0,2070.0,1.695,0.69,SIG004,0,1.228504773862681,1.0
R0071,N019,N020,collector,2,50.0,1800.0,1.357,-3.55,,0,0.7671604740428125,1.0
R0072,N020,N019,collector,2,60.0,1800.0,1.337,-1.14,SIG005,0,0.6312869392202213,1.0
R0073,N019,N031,collector,2,40.0,1800.0,1.029,-0.05,SIG014,0,0.6739805024198129,1.0
R0074,N031,N019,collector,3,60.0,2700.0,0.842,2.57,SIG005,0,0.6332195013504331,1.0
R0075,N020,N021,collector,2,60.0,1800.0,0.928,0.49,SIG007,0,0.7780224705168617,1.0
R0076,N021,N020,collector,2,30.0,1800.0,0.991,-0.66,,0,0.610192711589802,1.0
R0077,N020,N032,collector,1,30.0,900.0,1.183,-0.79,,0,0.7015479207211026,1.0
R0078,N032,N020,collector,2,50.0,1800.0,1.744,2.02,,0,0.6633823494814692,1.0
R0079,N021,N022,arterial,2,60.0,2070.0,1.634,3.1,SIG003,0,1.2597987571040714,1.0
R0080,N022,N021,arterial,2,30.0,2070.0,1.301,-3.86,SIG007,0,1.329927819515041,1.0
R0081,N021,N033,arterial,1,50.0,1035.0,1.088,-0.24,,0,1.2435579769861005,1.0
R0082,N033,N021,arterial,2,30.0,2070.0,0.987,-2.6,SIG007,0,1.2934336555713355,1.0
R0083,N022,N023,collector,2,40.0,1800.0,1.19,0.61,SIG002,0,0.8018014977507513,1.0
R0084,N023,N022,collector,2,40.0,1800.0,1.608,2.64,SIG003,0,0.841082593641956,1.0
R0085,N022,N034,collector,2,50.0,1800.0,0.751,-2.83,SIG012,0,0.7239615771966796,1.0
R0086,N034,N022,collector,2,60.0,1800.0,1.366,-2.36,SIG003,0,0.5765754150198703,1.0
R0087,N023,N024,collector,2,60.0,1800.0,1.436,-1.78,SIG063,0,0.6022828895553036,1.0
R0088,N024,N023,collector,3,60.0,2700.0,1.212,-2.43,SIG002,0,0.861398901516363,1.0
R0089,N023,N035,collector,2,40.0,1800.0,1.13,1.09,SIG011,0,0.6520551004410603,1.0
R0090,N035,N023,collector,1,50.0,900.0,1.581,1.24,SIG002,0,0.6231892997806558,1.0
R0091,N024,N036,collector,1,30.0,900.0,1.296,0.95,SIG070,0,0.7143975969397734,1.0
R0092,N036,N024,collector,2,40.0,1800.0,1.131,3.87,SIG063,0,0.7438735438562079,1.0
R0093,N025,N026,arterial,1,60.0,1035.0,1.605,1.55,SIG018,0,1.0279595687002694,1.0
R0094,N026,N025,arterial,2,40.0,2070.0,0.764,2.01,SIG068,0,1.2451651918469706,1.0
R0095,N025,N037,arterial,1,50.0,1035.0,1.706,-2.33,,0,1.0338970669401932,1.0
R0096,N037,N025,arterial,2,40.0,2070.0,1.659,3.42,SIG068,0,1.3721567859013803,1.0
R0097,N026,N027,arterial,3,30.0,3105.0,1.539,-3.33,SIG017,0,0.9382530200711819,1.0
R0098,N027,N026,arterial,2,30.0,2070.0,1.058,1.23,SIG018,0,1.3451568205687658,1.0
R0099,N026,N038,arterial,3,60.0,3105.0,0.774,-2.05,SIG010,0,1.2034343339280147,1.0
R0100,N038,N026,arterial,1,50.0,1035.0,0.758,-3.32,SIG018,0,1.3148726881177528,1.0
R0101,N027,N028,arterial,2,30.0,2070.0,1.41,1.05,SIG016,0,1.183688941153524,1.0
R0102,N028,N027,arterial,3,50.0,3105.0,1.661,0.21,SIG017,0,1.3753941420323552,1.0
R0103,N027,N039,arterial,1,60.0,1035.0,1.302,2.03,SIG009,0,1.0567720724571672,1.0
R0104,N039,N027,arterial,3,60.0,3105.0,0.942,0.83,SIG017,0,1.2659928303349766,1.0
R0105,N028,N029,arterial,2,30.0,2070.0,1.589,-3.79,SIG015,0,1.0171059501644804,1.0
R0106,N029,N028,arterial,1,60.0,1035.0,1.757,3.55,SIG016,0,1.1377943587891508,1.0
R0107,N028,N040,arterial,1,30.0,1035.0,1.733,2.26,SIG013,0,1.0480299000936448,1.0
R0108,N040,N028,arterial,3,30.0,3105.0,1.636,-2.55,SIG016,0,1.3863202795355842,1.0
R0109,N029,N030,arterial,3,60.0,3105.0,1.508,4.0,,0,1.356211695606841,1.0
R0110,N030,N029,arterial,2,50.0,2070.0,1.722,0.75,SIG015,0,1.1123741534038074,1.0
R0111,N029,N041,arterial,1,40.0,1035.0,0.817,3.84,,0,1.0611006478380116,1.0
R0112,N041,N029,arterial,3,60.0,3105.0,0.821,1.02,SIG015,0,1.1372387359935627,1.0
R0113,N030,N031,arterial,2,30.0,2070.0,0.923,-1.19,SIG014,0,1.3569469060358588,1.0
R0114,N031,N030,arterial,2,30.0,2070.0,1.155,-0.36,,0,1.3495070493183885,1.0
R0115,N030,N042,arterial,3,50.0,3105.0,0.878,1.45,,0,1.2853456097726121,1.0
R0116,N042,N030,arterial,2,40.0,2070.0,1.378,0.93,,1,1.2434103199409292,0.72
R0117,N031,N032,arterial,1,50.0,1035.0,1.469,0.34,,0,1.1639144581098557,1.0
R0118,N032,N031,arterial,2,30.0,2070.0,1.463,-0.77,SIG014,0,1.130537803540803,1.0
R0119,N031,N043,arterial,3,30.0,3105.0,1.568,3.48,SIG008,0,1.4154499769095819,1.0
R0120,N043,N031,arterial,2,30.0,2070.0,1.28,-0.98,SIG014,1,0.9736215608771036,0.72
R0121,N032,N033,arterial,2,40.0,2070.0,0.928,3.81,,0,1.1134735428260447,1.0
R0122,N033,N032,arterial,3,40.0,3105.0,1.103,3.54,,0,1.0115286072914709,1.0
R0123,N032,N044,arterial,3,40.0,3105.0,0.846,-0.57,,0,1.434661482317134,1.0
R0124,N044,N032,arterial,2,30.0,2070.0,1.346,-0.44,,0,1.3755027839842784,1.0
R0125,N033,N034,arterial,2,30.0,2070.0,0.981,2.97,SIG012,0,1.2880087788020667,1.0
R0126,N034,N033,arterial,2,30.0,2070.0,1.169,2.06,,0,1.1342132746272113,1.0
R0127,N033,N045,arterial,1,40.0,1035.0,0.822,1.75,,0,1.168386254842172,1.0
R0128,N045,N033,arterial,2,40.0,2070.0,1.544,3.85,,0,1.1670059478932115,1.0
R0129,N034,N035,arterial,2,40.0,2070.0,1.102,-2.36,SIG011,0,1.0732066151404547,1.0
R0130,N035,N034,arterial,2,30.0,2070.0,1.695,-2.65,SIG012,0,1.22283749745542,1.0
R0131,N034,N046,arterial,2,60.0,2070.0,1.152,-0.59,SIG021,0,1.082149968172775,1.0
R0132,N046,N034,arterial,2,40.0,2070.0,1.519,2.19,SIG012,0,0.9552356549282242,1.0
R0133,N035,N036,arterial,3,60.0,3105.0,1.266,1.06,SIG070,0,1.3604722360953168,1.0
R0134,N036,N035,arterial,3,40.0,3105.0,1.407,-1.08,SIG011,0,1.1047248169776653,1.0
R0135,N035,N047,arterial,2,60.0,2070.0,1.354,-1.16,,0,1.1419965336565128,1.0
R0136,N047,N035,arterial,3,30.0,3105.0,1.558,-2.53,SIG011,0,1.1330298287186316,1.0
R0137,N036,N048,arterial,2,40.0,2070.0,0.907,0.07,,0,1.382843144871977,1.0
R0138,N048,N036,arterial,2,50.0,2070.0,1.098,-0.47,SIG070,0,1.1241314114051806,1.0
R0139,N037,N038,collector,2,40.0,1800.0,1.405,-0.19,SIG010,0,0.6638785840334407,1.0
R0140,N038,N037,collector,2,40.0,1800.0,1.564,-0.91,,0,0.6921744275280497,1.0
R0141,N037,N049,collector,2,60.0,1800.0,1.199,-2.16,,0,0.7239576782845202,1.0
R0142,N049,N037,collector,1,40.0,900.0,1.217,-1.45,,0,0.8623735176289835,1.0
R0143,N038,N039,collector,2,40.0,1800.0,1.055,3.51,SIG009,0,0.6226722900236261,1.0
R0144,N039,N038,collector,2,40.0,1800.0,1.251,-1.86,SIG010,0,0.8061759767317973,1.0
R0145,N038,N050,collector,2,50.0,1800.0,0.89,-3.77,,0,0.7992327660886189,1.0
R0146,N050,N038,collector,2,50.0,1800.0,0.948,-2.87,SIG010,0,0.7957138385319643,1.0
R0147,N039,N040,arterial,3,40.0,3105.0,1.455,0.92,SIG013,0,1.0748958316640218,1.0
R0148,N040,N039,arterial,1,30.0,1035.0,1.135,-3.47,SIG009,0,1.232825641549715,1.0
R0149,N039,N051,arterial,1,40.0,1035.0,1.134,1.2,,0,1.1275336566374152,1.0
R0150,N051,N039,arterial,2,50.0,2070.0,1.116,-2.06,SIG009,0,1.206263559794474,1.0
R0151,N040,N041,collector,2,50.0,1800.0,1.703,-2.19,,0,0.7321234857966481,1.0
R0152,N041,N040,collector,2,50.0,1800.0,1.531,-0.52,SIG013,0,0.7264506983596253,1.0
R0153,N040,N052,collector,3,30.0,2700.0,1.17,-1.59,SIG020,0,0.7162198514628736,1.0
R0154,N052,N040,collector,2,40.0,1800.0,1.463,1.12,SIG013,0,0.6243813766596368,1.0
R0155,N041,N042,collector,2,60.0,1800.0,1.02,-2.01,,0,0.695000613891912,1.0
R0156,N042,N041,collector,1,40.0,900.0,1.617,0.07,,0,0.7913233183546708,1.0
R0157,N041,N053,collector,1,30.0,900.0,1.403,0.92,SIG024,0,0.5961633794642767,1.0
R0158,N053,N041,collector,2,30.0,1800.0,1.089,3.91,,0,0.5728359300689854,1.0
R0159,N042,N043,arterial,2,30.0,2070.0,1.282,1.72,SIG008,1,1.1271740774102248,0.72
R0160,N043,N042,arterial,2,50.0,2070.0,1.393,-3.64,,1,1.155712254852519,0.72
R0161,N042,N054,arterial,2,40.0,2070.0,0.979,2.41,SIG023,1,0.9386084708975924,0.72
R0162,N054,N042,arterial,2,30.0,2070.0,1.321,-3.14,,1,1.1202475752571532,0.72
R0163,N043,N044,collector,2,30.0,1800.0,1.541,3.1,,0,0.6226726518055096,1.0
R0164,N044,N043,collector,2,30.0,1800.0,1.061,0.56,SIG008,0,0.6395394765680767,1.0
R0165,N043,N055,collector,3,30.0,2700.0,0.765,-0.76,SIG019,0,0.6515347591040295,1.0
R0166,N055,N043,collector,3,30.0,2700.0,1.566,-3.04,SIG008,0,0.7702296105201919,1.0
R0167,N044,N045,collector,1,50.0,900.0,1.323,-2.61,,0,0.6520476168497203,1.0
R0168,N045,N044,collector,3,40.0,2700.0,1.366,-2.45,,0,0.8215550291606014,1.0
R0169,N044,N056,collector,2,50.0,1800.0,0.8,-2.63,SIG022,0,0.6468653718173099,1.0
R0170,N056,N044,collector,2,50.0,1800.0,1.606,1.73,,0,0.8591839317927595,1.0
R0171,N045,N046,arterial,2,50.0,2070.0,1.559,-0.25,SIG021,0,1.1284178194378434,1.0
R0172,N046,N045,arterial,2,40.0,2070.0,1.48,-2.82,,0,1.410565776553884,1.0
R0173,N045,N057,arterial,2,60.0,2070.0,1.398,3.76,SIG038,0,1.2171225209868646,1.0
R0174,N057,N045,arterial,2,30.0,2070.0,1.7,-2.63,,0,1.2042075520062447,1.0
R0175,N046,N047,collector,3,50.0,2700.0,1.001,-0.14,,0,0.7408068393698851,1.0
R0176,N047,N046,collector,3,50.0,2700.0,1.185,-0.34,SIG021,0,0.6053712097369905,1.0
R0177,N046,N058,collector,3,40.0,2700.0,0.824,-1.77,SIG037,0,0.627756978779186,1.0
R0178,N058,N046,collector,2,60.0,1800.0,1.077,3.57,SIG021,0,0.6295636071302226,1.0
R0179,N047,N048,collector,2,50.0,1800.0,0.901,-0.42,,0,0.7471871285790281,1.0
R0180,N048,N047,collector,2,50.0,1800.0,0.981,2.62,,0,0.7781191201666932,1.0
R0181,N047,N059,collector,2,30.0,1800.0,0.91,-2.09,SIG036,0,0.7936701344419302,1.0
R0182,N059,N047,collector,2,40.0,1800.0,1.731,-0.18,,0,0.7658491469700296,1.0
R0183,N048,N060,collector,2,30.0,1800.0,1.012,0.17,SIG074,0,0.7870463824842643,1.0
R0184,N060,N048,collector,3,60.0,2700.0,1.217,-0.14,,0,0.5998162809558358,1.0
R0185,N049,N050,collector,2,60.0,1800.0,1.331,0.91,,0,0.7299937255933459,1.0
R0186,N050,N049,collector,1,60.0,900.0,1.232,-2.3,,0,0.7548859278327044,1.0
R0187,N049,N061,collector,2,30.0,1800.0,1.728,-0.15,,0,0.6254919693013721,1.0
R0188,N061,N049,collector,2,30.0,1800.0,1.658,-2.39,,0,0.7659817084975262,1.0
R0189,N050,N051,collector,1,40.0,900.0,0.954,3.52,,0,0.7739911206098025,1.0
R0190,N051,N050,collector,2,50.0,1800.0,1.484,-1.72,,0,0.7989704654891693,1.0
R0191,N050,N062,collector,2,50.0,1800.0,1.23,3.53,SIG035,0,0.5647391984673684,1.0
R0192,N062,N050,collector,2,30.0,1800.0,1.678,0.11,,0,0.6602128171565966,1.0
R0193,N051,N052,arterial,2,40.0,2070.0,1.723,2.8,SIG020,0,1.2828248528708497,1.0
R0194,N052,N051,arterial,2,60.0,2070.0,1.216,-1.6,,0,1.1442345787779007,1.0
R0195,N051,N063,arterial,3,30.0,3105.0,1.218,-3.6,SIG033,0,1.3862036774909745,1.0
R0196,N063,N051,arterial,1,50.0,1035.0,1.678,-0.55,,0,1.0657034689816922,1.0
R0197,N052,N053,collector,1,40.0,900.0,1.237,-2.28,SIG024,0,0.6181106508883075,1.0
R0198,N053,N052,collector,2,30.0,1800.0,1.222,-1.62,SIG020,0,0.7117895764230582,1.0
R0199,N052,N064,collector,2,60.0,1800.0,1.199,-0.05,SIG034,0,0.6216566698950137,1.0
R0200,N064,N052,collector,2,30.0,1800.0,1.723,3.79,SIG020,0,0.7498648782886278,1.0
R0201,N053,N054,collector,1,30.0,900.0,1.416,-1.61,SIG023,0,0.7394162433838496,1.0
R0202,N054,N053,collector,2,60.0,1800.0,1.452,2.9,SIG024,0,0.683066794871583,1.0
R0203,N053,N065,collector,3,40.0,2700.0,1.279,-3.62,SIG032,0,0.8413517835723037,1.0
R0204,N065,N053,collector,3,30.0,2700.0,1.754,-1.13,SIG024,0,0.6589344049453227,1.0
R0205,N054,N055,arterial,3,50.0,3105.0,0.981,-3.15,SIG019,1,1.0050274014089906,0.72
R0206,N055,N054,arterial,1,30.0,1035.0,0.846,-2.99,SIG023,1,1.3932149811902024,0.72
R0207,N054,N066,arterial,2,50.0,2070.0,0.761,1.61,,1,1.0133424161443916,0.72
R0208,N066,N054,arterial,2,60.0,2070.0,1.79,-3.6,SIG023,1,1.0851433631037166,0.72
R0209,N055,N056,collector,1,30.0,900.0,1.009,0.04,SIG022,0,0.8411973145650138,1.0
R0210,N056,N055,collector,2,50.0,1800.0,1.738,-0.98,SIG019,0,0.8225931522660588,1.0
R0211,N055,N067,collector,2,60.0,1800.0,1.159,-3.96,SIG029,0,0.6613278421033805,1.0
R0212,N067,N055,collector,2,30.0,1800.0,0.89,0.3,SIG019,0,0.6381451859956866,1.0
R0213,N056,N057,collector,2,60.0,1800.0,1.115,3.73,SIG038,0,0.6139144351069896,1.0
R0214,N057,N056,collector,3,30.0,2700.0,0.78,-3.44,SIG022,0,0.7708762602825742,1.0
R0215,N056,N068,collector,2,60.0,1800.0,1.337,2.16,SIG028,0,0.5802283259279823,1.0
R0216,N068,N056,collector,3,30.0,2700.0,1.672,2.8,SIG022,0,0.7067105704200736,1.0
R0217,N057,N058,arterial,2,50.0,2070.0,1.376,1.49,SIG037,0,0.9718779184094245,1.0
R0218,N058,N057,arterial,3,60.0,3105.0,1.671,-3.22,SIG038,0,1.3260670616058055,1.0
R0219,N057,N069,arterial,2,30.0,2070.0,1.626,-0.78,SIG031,0,1.0369100559687257,1.0
R0220,N069,N057,arterial,2,40.0,2070.0,1.217,-1.21,SIG038,0,1.1914757262343125,1.0
R0221,N058,N059,collector,1,40.0,900.0,1.635,1.11,SIG036,0,0.7242744804018795,1.0
R0222,N059,N058,collector,3,40.0,2700.0,0.886,2.62,SIG037,0,0.6960414811213196,1.0
R0223,N058,N070,collector,1,40.0,900.0,0.865,3.64,SIG030,0,0.5629345078940322,1.0
R0224,N070,N058,collector,3,50.0,2700.0,1.077,1.72,SIG037,0,0.7939060091292124,1.0
R0225,N059,N060,collector,2,60.0,1800.0,0.995,3.43,SIG074,0,0.8373218488562396,1.0
R0226,N060,N059,collector,1,30.0,900.0,1.723,-3.6,SIG036,0,0.608101501405558,1.0
R0227,N059,N071,collector,2,60.0,1800.0,0.975,3.44,,0,0.6683024967362503,1.0
R0228,N071,N059,collector,3,40.0,2700.0,1.011,0.75,SIG036,0,0.8456118406666513,1.0
R0229,N060,N072,collector,2,40.0,1800.0,1.078,1.68,SIG076,0,0.7617190416488229,1.0
R0230,N072,N060,collector,2,50.0,1800.0,0.783,-2.26,SIG074,0,0.784482863003059,1.0
R0231,N061,N062,collector,2,50.0,1800.0,1.718,-0.59,SIG035,0,0.6542518333358052,1.0
R0232,N062,N061,collector,2,30.0,1800.0,1.705,-2.66,,0,0.6236621010572024,1.0
R0233,N061,N073,collector,3,40.0,2700.0,1.026,0.56,SIG075,0,0.5679165534736873,1.0
R0234,N073,N061,collector,2,50.0,1800.0,1.373,0.84,,0,0.6060557557529869,1.0
R0235,N062,N063,collector,1,60.0,900.0,1.341,-3.56,SIG033,0,0.6180317623490081,1.0
R0236,N063,N062,collector,3,60.0,2700.0,1.55,-1.98,SIG035,0,0.5937923500292815,1.0
R0237,N062,N074,collector,3,30.0,2700.0,1.287,1.72,SIG026,0,0.5747697762128082,1.0
R0238,N074,N062,collector,2,60.0,1800.0,0.892,-3.18,SIG035,0,0.7334296675578459,1.0
R0239,N063,N064,arterial,1,50.0,1035.0,0.787,-1.94,SIG034,0,1.3878356005574157,1.0
R0240,N064,N063,arterial,2,30.0,2070.0,1.391,-2.74,SIG033,0,1.1072915175192644,1.0
R0241,N063,N075,arterial,2,60.0,2070.0,1.476,-1.03,SIG027,0,1.2973123975960212,1.0
R0242,N075,N063,arterial,2,30.0,2070.0,1.257,-3.96,SIG033,0,1.0080571850987943,1.0
R0243,N064,N065,collector,2,40.0,1800.0,0.977,-2.78,SIG032,0,0.7960949927462735,1.0
R0244,N065,N064,collector,2,40.0,1800.0,1.533,-0.56,SIG034,0,0.6577483067780778,1.0
R0245,N064,N076,collector,2,30.0,1800.0,0.815,2.29,,0,0.7760284042779744,1.0
R0246,N076,N064,collector,3,40.0,2700.0,1.323,-1.31,SIG034,0,0.6680647276518019,1.0
R0247,N065,N066,collector,2,30.0,1800.0,1.322,-1.11,,0,0.5962591134047974,1.0
R0248,N066,N065,collector,2,40.0,1800.0,0.957,-1.11,SIG032,0,0.6746196830321096,1.0
R0249,N065,N077,collector,2,60.0,1800.0,1.314,2.76,SIG056,0,0.567366647463557,1.0
R0250,N077,N065,collector,2,60.0,1800.0,0.954,-1.38,SIG032,0,0.8413143252869435,1.0
R0251,N066,N067,arterial,2,40.0,2070.0,1.391,0.4,SIG029,1,1.067662202152795,0.72
R0252,N067,N066,arterial,1,60.0,1035.0,1.165,2.77,,1,1.4238012611626163,0.72
R0253,N066,N078,arterial,2,50.0,2070.0,1.417,3.61,SIG058,1,1.0133264932173498,0.72
R0254,N078,N066,arterial,1,30.0,1035.0,0.975,1.21,,1,1.4261256929459745,0.72
R0255,N067,N068,collector,3,60.0,2700.0,1.487,1.17,SIG028,0,0.6280885618256132,1.0
R0256,N068,N067,collector,3,60.0,2700.0,1.347,-0.52,SIG029,0,0.5914899437314629,1.0
R0257,N067,N079,collector,3,50.0,2700.0,1.386,2.07,SIG057,0,0.7608778971954675,1.0
R0258,N079,N067,collector,2,60.0,1800.0,1.071,-1.77,SIG029,0,0.564114002094531,1.0
R0259,N068,N069,collector,2,50.0,1800.0,0.994,-3.66,SIG031,0,0.7914819892090794,1.0
R0260,N069,N068,collector,2,50.0,1800.0,1.765,-0.52,SIG028,0,0.7853971760896794,1.0
R0261,N068,N080,collector,2,40.0,1800.0,1.735,-0.08,SIG059,0,0.7033594248499614,1.0
R0262,N080,N068,collector,1,60.0,900.0,1.742,2.73,SIG028,0,0.6761203914844227,1.0
R0263,N069,N070,arterial,2,40.0,2070.0,1.723,3.95,SIG030,0,0.9899835924417376,1.0
R0264,N070,N069,arterial,2,60.0,2070.0,1.361,-2.09,SIG031,0,1.144600801542996,1.0
R0265,N069,N081,arterial,3,50.0,3105.0,0.785,-1.94,SIG060,0,1.25026933111039,1.0
R0266,N081,N069,arterial,3,30.0,3105.0,1.043,3.37,SIG031,0,1.1741492458295635,1.0
R0267,N070,N071,collector,2,50.0,1800.0,1.727,0.82,,0,0.7546861597402076,1.0
R0268,N071,N070,collector,2,60.0,1800.0,1.012,2.8,SIG030,0,0.7457115414006541,1.0
R0269,N070,N082,collector,3,50.0,2700.0,0.943,2.27,,0,0.6425376260294974,1.0
R0270,N082,N070,collector,1,60.0,900.0,0.864,2.38,SIG030,0,0.7159909958263546,1.0
R0271,N071,N072,collector,3,60.0,2700.0,1.402,2.08,SIG076,0,0.8239121519195265,1.0
R0272,N072,N071,collector,2,30.0,1800.0,1.092,2.07,,0,0.7397364692013859,1.0
R0273,N071,N083,collector,3,60.0,2700.0,1.116,1.48,SIG025,0,0.8098374419338759,1.0
R0274,N083,N071,collector,1,30.0,900.0,1.783,-2.03,,0,0.8239959437925035,1.0
R0275,N072,N084,collector,2,50.0,1800.0,1.488,2.9,SIG073,0,0.7660858624096828,1.0
R0276,N084,N072,collector,2,60.0,1800.0,1.428,2.57,SIG076,0,0.7070463702899428,1.0
R0277,N073,N074,arterial,2,30.0,2070.0,0.978,-0.21,SIG026,0,1.3564664158309374,1.0
R0278,N074,N073,arterial,1,30.0,1035.0,1.661,-2.66,SIG075,0,1.054332551883585,1.0
R0279,N073,N085,arterial,2,50.0,2070.0,1.7,3.95,SIG066,0,1.2114010580649424,1.0
R0280,N085,N073,arterial,1,40.0,1035.0,0.883,3.04,SIG075,0,1.304692384259924,1.0
R0281,N074,N075,arterial,3,40.0,3105.0,1.65,1.3,SIG027,0,1.3848902079591525,1.0
R0282,N075,N074,arterial,2,30.0,2070.0,1.109,3.31,SIG026,0,1.2680765125757756,1.0
R0283,N074,N086,arterial,1,50.0,1035.0,1.393,-1.14,SIG054,0,1.005663522924233,1.0
R0284,N086,N074,arterial,2,40.0,2070.0,1.197,2.42,SIG026,0,1.2007051603907848,1.0
R0285,N075,N076,arterial,2,50.0,2070.0,1.746,-2.42,,0,1.270297405556688,1.0
R0286,N076,N075,arterial,2,30.0,2070.0,1.787,-3.95,SIG027,0,1.3011314000867567,1.0
R0287,N075,N087,arterial,2,40.0,2070.0,1.32,0.78,SIG053,0,1.195156808419339,1.0
R0288,N087,N075,arterial,1,40.0,1035.0,1.109,0.2,SIG027,0,1.2238463138577143,1.0
R0289,N076,N077,arterial,2,30.0,2070.0,1.447,-2.62,SIG056,0,1.0803537357860695,1.0
R0290,N077,N076,arterial,2,60.0,2070.0,1.259,-3.84,,0,1.2378385550732913,1.0
R0291,N076,N088,arterial,3,50.0,3105.0,1.579,2.73,,0,1.2664407914161744,1.0
R0292,N088,N076,arterial,2,40.0,2070.0,1.331,-2.63,,0,1.0018628298539423,1.0
R0293,N077,N078,arterial,2,50.0,2070.0,0.838,-1.61,SIG058,0,1.4309184497227003,1.0
R0294,N078,N077,arterial,3,60.0,3105.0,1.703,-0.29,SIG056,1,1.2123980474433158,0.72
R0295,N077,N089,arterial,1,50.0,1035.0,1.334,-1.95,,0,1.0261969146359393,1.0
R0296,N089,N077,arterial,3,60.0,3105.0,1.006,-3.72,SIG056,0,1.293831080262113,1.0
R0297,N078,N079,arterial,2,50.0,2070.0,1.473,-0.24,SIG057,1,1.1481384012239833,0.72
R0298,N079,N078,arterial,2,60.0,2070.0,0.877,-1.92,SIG058,0,1.0017832425915005,1.0
R0299,N078,N090,arterial,1,60.0,1035.0,1.214,-2.65,SIG052,0,1.2432881217758582,1.0
R0300,N090,N078,arterial,2,30.0,2070.0,1.36,1.2,SIG058,0,1.1028706315851902,1.0
R0301,N079,N080,arterial,2,50.0,2070.0,0.894,1.7,SIG059,0,1.2336297592150023,1.0
R0302,N080,N079,arterial,2,40.0,2070.0,1.693,2.61,SIG057,0,1.345949869146782,1.0
R0303,N079,N091,arterial,2,30.0,2070.0,1.446,1.62,SIG051,0,1.2419670245533598,1.0
R0304,N091,N079,arterial,2,40.0,2070.0,1.766,-2.88,SIG057,0,1.3043833410945336,1.0
R0305,N080,N081,arterial,2,40.0,2070.0,0.814,2.95,SIG060,0,1.1783166037389874,1.0
R0306,N081,N080,arterial,2,60.0,2070.0,1.271,-0.96,SIG059,0,1.081994003867349,1.0
R0307,N080,N092,arterial,2,50.0,2070.0,0.868,3.54,SIG050,0,1.0034947546672794,1.0
R0308,N092,N080,arterial,2,60.0,2070.0,1.148,2.44,SIG059,0,1.0394211961340518,1.0
R0309,N081,N082,arterial,3,50.0,3105.0,0.983,-0.83,,0,0.953961912102373,1.0
R0310,N082,N081,arterial,1,60.0,1035.0,1.188,1.48,SIG060,0,1.0235705111648374,1.0
R0311,N081,N093,arterial,2,40.0,2070.0,1.322,2.52,SIG049,0,1.2250838138030622,1.0
R0312,N093,N081,arterial,1,30.0,1035.0,1.78,0.41,SIG060,0,1.4150195661318854,1.0
R0313,N082,N083,arterial,1,50.0,1035.0,1.582,-2.8,SIG025,0,0.9404675173740517,1.0
R0314,N083,N082,arterial,3,50.0,3105.0,1.366,0.57,,0,0.9552316244274205,1.0
R0315,N082,N094,arterial,1,40.0,1035.0,0.821,3.29,SIG055,0,1.2009814030011738,1.0
R0316,N094,N082,arterial,1,50.0,1035.0,0.938,-3.73,,0,0.9624140484973058,1.0
R0317,N083,N084,arterial,3,30.0,3105.0,1.149,-2.66,SIG073,0,1.3877623441788067,1.0
R0318,N084,N083,arterial,2,50.0,2070.0,1.685,1.06,SIG025,0,1.1784516668963136,1.0
R0319,N083,N095,arterial,3,40.0,3105.0,1.462,-1.46,,0,0.9919328307614529,1.0
R0320,N095,N083,arterial,2,50.0,2070.0,1.285,-1.24,SIG025,0,1.0861942017765984,1.0
R0321,N084,N096,arterial,1,30.0,1035.0,1.617,2.01,SIG067,0,1.1866542554798407,1.0
R0322,N096,N084,arterial,3,40.0,3105.0,1.364,-1.51,SIG073,0,1.1431751923728932,1.0
R0323,N085,N086,collector,2,40.0,1800.0,1.172,-0.79,SIG054,0,0.8550493206947167,1.0
R0324,N086,N085,collector,2,60.0,1800.0,0.984,0.68,SIG066,0,0.595193332210792,1.0
R0325,N085,N097,collector,2,50.0,1800.0,0.999,-0.81,SIG079,0,0.7005148485419297,1.0
R0326,N097,N085,collector,1,50.0,900.0,1.221,1.3,SIG066,0,0.7859955786483195,1.0
R0327,N086,N087,collector,2,30.0,1800.0,1.193,0.65,SIG053,0,0.81076249612002,1.0
R0328,N087,N086,collector,2,30.0,1800.0,1.0,-0.67,SIG054,0,0.6146436014078633,1.0
R0329,N086,N098,collector,2,40.0,1800.0,1.553,2.73,SIG045,0,0.6795835111945132,1.0
R0330,N098,N086,collector,2,50.0,1800.0,0.758,0.43,SIG054,0,0.7309429488890895,1.0
R0331,N087,N088,arterial,1,50.0,1035.0,1.55,-2.02,,0,1.1437864936610238,1.0
R0332,N088,N087,arterial,2,50.0,2070.0,1.591,3.22,SIG053,0,0.9445500340248414,1.0
R0333,N087,N099,arterial,2,30.0,2070.0,0.785,-2.89,SIG040,0,1.06675205307606,1.0
R0334,N099,N087,arterial,2,30.0,2070.0,1.232,-1.22,SIG053,0,0.9833102967184287,1.0
R0335,N088,N089,collector,2,60.0,1800.0,1.009,1.27,,0,0.8162678063949385,1.0
R0336,N089,N088,collector,2,60.0,1800.0,1.059,0.6,,0,0.8198399598739936,1.0
R0337,N088,N100,collector,2,30.0,1800.0,1.203,3.88,SIG041,0,0.7589241856392122,1.0
R0338,N100,N088,collector,2,40.0,1800.0,1.105,-3.66,,0,0.783982384566233,1.0
R0339,N089,N090,collector,2,50.0,1800.0,1.05,3.53,SIG052,0,0.7746484322266688,1.0
R0340,N090,N089,collector,1,40.0,900.0,1.415,-2.28,,0,0.6046504895807838,1.0
R0341,N089,N101,collector,1,40.0,900.0,1.352,3.55,SIG042,0,0.772381342925692,1.0
R0342,N101,N089,collector,3,60.0,2700.0,1.593,3.53,,0,0.8117428289692473,1.0
R0343,N090,N091,arterial,1,30.0,1035.0,0.795,0.51,SIG051,0,1.2227526012602266,1.0
R0344,N091,N090,arterial,1,50.0,1035.0,1.121,0.17,SIG052,0,1.4235102920010427,1.0
R0345,N090,N102,arterial,2,40.0,2070.0,1.041,-2.21,SIG044,0,1.4102044091062382,1.0
R0346,N102,N090,arterial,3,30.0,3105.0,1.676,-1.32,SIG052,0,1.2420500618437966,1.0
R0347,N091,N092,collector,3,60.0,2700.0,1.757,2.41,SIG050,0,0.8302670999770971,1.0
R0348,N092,N091,collector,2,40.0,1800.0,0.938,-0.65,SIG051,0,0.8001081480265816,1.0
R0349,N091,N103,collector,2,60.0,1800.0,0.999,-3.22,SIG046,0,0.7245655692513123,1.0
R0350,N103,N091,collector,2,60.0,1800.0,0.872,-0.7,SIG051,0,0.6998650033576257,1.0
R0351,N092,N093,collector,1,60.0,900.0,1.609,0.78,SIG049,0,0.5964405972146978,1.0
R0352,N093,N092,collector,1,50.0,900.0,1.455,-0.55,SIG050,0,0.6370443739614107,1.0
R0353,N092,N104,collector,1,50.0,900.0,1.032,1.99,SIG043,0,0.838302785726931,1.0
R0354,N104,N092,collector,3,50.0,2700.0,0.782,-2.04,SIG050,0,0.775404972183196,1.0
R0355,N093,N094,arterial,3,60.0,3105.0,1.561,-2.9,SIG055,0,1.1638278821719459,1.0
R0356,N094,N093,arterial,3,50.0,3105.0,0.947,2.55,SIG049,0,1.1077585861770565,1.0
R0357,N093,N105,arterial,1,50.0,1035.0,1.457,-1.42,SIG047,0,1.0973507096353114,1.0
R0358,N105,N093,arterial,2,30.0,2070.0,1.101,-2.76,SIG049,0,0.9941378623564195,1.0
R0359,N094,N095,collector,2,50.0,1800.0,1.409,2.86,,0,0.6706591697264829,1.0
R0360,N095,N094,collector,3,30.0,2700.0,0.908,2.92,SIG055,0,0.61769822620793,1.0
R0361,N094,N106,collector,1,30.0,900.0,1.444,2.75,SIG048,0,0.648302518221213,1.0
R0362,N106,N094,collector,3,50.0,2700.0,1.567,3.97,SIG055,0,0.7143609409816402,1.0
R0363,N095,N096,collector,1,30.0,900.0,1.791,-3.01,SIG067,0,0.7271862793758541,1.0
R0364,N096,N095,collector,2,40.0,1800.0,0.931,0.98,,0,0.756723351689032,1.0
R0365,N095,N107,collector,1,40.0,900.0,1.529,-0.03,SIG039,0,0.6288728940728154,1.0
R0366,N107,N095,collector,2,60.0,1800.0,1.687,2.88,,0,0.6236694496920319,1.0
R0367,N096,N108,collector,1,30.0,900.0,1.34,1.98,SIG080,0,0.7360539858153032,1.0
R0368,N108,N096,collector,2,60.0,1800.0,1.782,0.97,SIG067,0,0.8287517578003113,1.0
R0369,N097,N098,collector,2,30.0,1800.0,1.652,2.37,SIG045,0,0.8100820320469491,1.0
R0370,N098,N097,collector,1,60.0,900.0,1.522,-1.6,SIG079,0,0.607139802480821,1.0
R0371,N097,N109,collector,2,50.0,1800.0,1.102,-2.85,,0,0.5695692085615455,1.0
R0372,N109,N097,collector,3,40.0,2700.0,1.045,-2.11,SIG079,0,0.8618186849151748,1.0
R0373,N098,N099,collector,1,30.0,900.0,1.362,-2.86,SIG040,0,0.8332243211851956,1.0
R0374,N099,N098,collector,2,60.0,1800.0,0.947,0.37,SIG045,0,0.6734837377829428,1.0
R0375,N098,N110,collector,3,40.0,2700.0,0.836,-0.48,SIG081,0,0.6298752935027483,1.0
R0376,N110,N098,collector,2,50.0,1800.0,1.071,-2.85,SIG045,0,0.572588845561726,1.0
R0377,N099,N100,arterial,3,40.0,3105.0,0.88,-0.35,SIG041,0,1.3391734561476007,1.0
R0378,N100,N099,arterial,2,60.0,2070.0,0.818,0.24,SIG040,0,0.979865325229853,1.0
R0379,N099,N111,arterial,3,60.0,3105.0,0.885,2.97,SIG082,0,1.4126404372209307,1.0
R0380,N111,N099,arterial,2,50.0,2070.0,0.873,-0.96,SIG040,0,1.0002200386647078,1.0
R0381,N100,N101,collector,2,60.0,1800.0,1.666,-2.76,SIG042,0,0.83156238460277,1.0
R0382,N101,N100,collector,2,40.0,1800.0,1.659,-3.26,SIG041,0,0.7692797792549678,1.0
R0383,N100,N112,collector,2,60.0,1800.0,0.914,-3.26,,0,0.7070374038093928,1.0
R0384,N112,N100,collector,2,40.0,1800.0,1.276,-2.96,SIG041,0,0.7128320629723182,1.0
R0385,N101,N102,collector,2,40.0,1800.0,0.8,-3.87,SIG044,0,0.706788373621936,1.0
R0386,N102,N101,collector,2,60.0,1800.0,1.648,-3.85,SIG042,0,0.6510406382406335,1.0
R0387,N101,N113,collector,2,30.0,1800.0,1.195,-2.41,SIG083,0,0.6676176541390773,1.0
R0388,N113,N101,collector,2,50.0,1800.0,0.781,-3.28,SIG042,0,0.831084614742641,1.0
R0389,N102,N103,arterial,3,30.0,3105.0,0.945,-1.77,SIG046,0,1.154635529767551,1.0
R0390,N103,N102,arterial,3,60.0,3105.0,0.994,-3.41,SIG044,0,1.1611591246184052,1.0
R0391,N102,N114,arterial,2,50.0,2070.0,1.301,-2.64,SIG078,0,1.39175686481485,1.0
R0392,N114,N102,arterial,2,30.0,2070.0,0.815,-1.98,SIG044,0,1.217781806581852,1.0
R0393,N103,N104,collector,2,30.0,1800.0,1.581,-1.46,SIG043,0,0.5961187602724801,1.0
R0394,N104,N103,collector,2,60.0,1800.0,0.809,-2.87,SIG046,0,0.832617409414761,1.0
R0395,N103,N115,collector,3,30.0,2700.0,0.854,-0.19,SIG086,0,0.6357363378793167,1.0
R0396,N115,N103,collector,3,40.0,2700.0,0.935,-0.28,SIG046,0,0.6274378400876313,1.0
R0397,N104,N105,collector,3,40.0,2700.0,1.004,3.26,SIG047,0,0.595573197537856,1.0
R0398,N105,N104,collector,2,30.0,1800.0,1.373,-3.82,SIG043,0,0.8324455004431491,1.0
R0399,N104,N116,collector,3,60.0,2700.0,1.516,3.93,SIG087,0,0.7982557793083644,1.0
R0400,N116,N104,collector,2,50.0,1800.0,0.857,0.11,SIG043,0,0.7382128714433314,1.0
R0401,N105,N106,arterial,3,50.0,3105.0,1.153,-3.8,SIG048,0,1.129948701985526,1.0
R0402,N106,N105,arterial,1,30.0,1035.0,1.427,1.17,SIG047,0,1.3812406965670996,1.0
R0403,N105,N117,arterial,2,30.0,2070.0,1.21,2.88,SIG077,0,1.2883238940427975,1.0
R0404,N117,N105,arterial,2,30.0,2070.0,1.195,-3.84,SIG047,0,1.1466984824679725,1.0
R0405,N106,N107,collector,2,30.0,1800.0,1.201,-2.59,SIG039,0,0.7382466918659445,1.0
R0406,N107,N106,collector,2,60.0,1800.0,1.578,0.62,SIG048,0,0.5692463364488993,1.0
R0407,N106,N118,collector,1,30.0,900.0,1.484,0.1,SIG085,0,0.8273048134941154,1.0
R0408,N118,N106,collector,3,50.0,2700.0,1.773,1.84,SIG048,0,0.6249365673742207,1.0
R0409,N107,N108,collector,2,40.0,1800.0,1.138,-1.71,SIG080,0,0.5882917501831074,1.0
R0410,N108,N107,collector,2,30.0,1800.0,1.765,3.25,SIG039,0,0.6094291180422768,1.0
R0411,N107,N119,collector,3,60.0,2700.0,1.291,-1.97,SIG084,0,0.7711719503887663,1.0
R0412,N119,N107,collector,1,40.0,900.0,1.042,-0.26,SIG039,0,0.7888949120207928,1.0
R0413,N108,N120,collector,1,30.0,900.0,1.07,0.8,SIG089,0,0.8278398616748452,1.0
R0414,N120,N108,collector,3,40.0,2700.0,1.46,3.16,SIG080,0,0.7935336876710504,1.0
R0415,N109,N110,collector,3,30.0,2700.0,1.517,-3.1,SIG081,0,0.8117714212315259,1.0
R0416,N110,N109,collector,2,40.0,1800.0,1.01,-2.76,,0,0.5705050340033828,1.0
R0417,N110,N111,collector,2,30.0,1800.0,0.869,-3.15,SIG082,0,0.7608504130409492,1.0
R0418,N111,N110,collector,3,40.0,2700.0,1.737,3.99,SIG081,0,0.6465084055059319,1.0
R0419,N111,N112,arterial,1,50.0,1035.0,1.771,-1.9,,0,1.191450660768099,1.0
R0420,N112,N111,arterial,2,50.0,2070.0,1.494,-1.31,SIG082,0,1.2952214019442945,1.0
R0421,N112,N113,collector,1,30.0,900.0,0.838,-2.43,SIG083,0,0.5861904177302765,1.0
R0422,N113,N112,collector,3,60.0,2700.0,1.173,-1.92,,0,0.6692942395338175,1.0
R0423,N113,N114,collector,1,50.0,900.0,1.706,1.53,SIG078,0,0.8201251637812643,1.0
R0424,N114,N113,collector,3,50.0,2700.0,1.171,3.57,SIG083,0,0.7291803414537809,1.0
R0425,N114,N115,arterial,2,40.0,2070.0,0.766,-1.02,SIG086,0,1.1023542793169259,1.0
R0426,N115,N114,arterial,3,40.0,3105.0,1.281,3.52,SIG078,0,1.2567137155706232,1.0
R0427,N115,N116,collector,3,30.0,2700.0,1.414,-2.43,SIG087,0,0.5717989990489436,1.0
R0428,N116,N115,collector,3,40.0,2700.0,1.692,2.28,SIG086,0,0.7495023154083293,1.0
R0429,N116,N117,collector,2,50.0,1800.0,0.884,-3.49,SIG077,0,0.811649198120589,1.0
R0430,N117,N116,collector,2,40.0,1800.0,1.629,3.78,SIG087,0,0.7203990322686009,1.0
R0431,N117,N118,arterial,2,30.0,2070.0,0.968,-2.5,SIG085,0,1.0220433323770004,1.0
R0432,N118,N117,arterial,2,40.0,2070.0,0.794,0.08,SIG077,0,1.0643335653297845,1.0
R0433,N118,N119,collector,2,30.0,1800.0,1.298,3.37,SIG084,0,0.7896799463661233,1.0
R0434,N119,N118,collector,3,60.0,2700.0,1.708,-0.4,SIG085,0,0.750411795778777,1.0
R0435,N119,N120,collector,2,50.0,1800.0,1.018,0.51,SIG089,0,0.6075352181956777,1.0
R0436,N120,N119,collector,3,30.0,2700.0,1.088,-0.13,SIG084,0,0.6227857333487494,1.0
